{
  "users": {},
  "chats": {
    "6285861398159@s.whatsapp.net": {
      "antilink": false,
      "antilink2": false,
      "welcome": false
    },
    "6285861398259@s.whatsapp.net": {
      "antilink": false,
      "antilink2": false,
      "welcome": false
    },
    "6287715650364@s.whatsapp.net": {
      "antilink": false,
      "antilink2": false,
      "welcome": false
    },
    "120363323500302317@newsletter": {
      "antilink": false,
      "antilink2": false,
      "welcome": false
    },
    "62882020562956@s.whatsapp.net": {
      "antilink": false,
      "antilink2": false,
      "welcome": false
    },
    "120363331849019826@g.us": {
      "antilink": false,
      "antilink2": false,
      "welcome": false
    },
    "120363359531282076@g.us": {
      "antilink": false,
      "antilink2": false,
      "welcome": false
    },
    "120363360408846812@g.us": {
      "antilink": false,
      "antilink2": false,
      "welcome": false
    },
    "120363328985327369@g.us": {
      "antilink": false,
      "antilink2": false,
      "welcome": false
    },
    "62882000446201@s.whatsapp.net": {
      "antilink": false,
      "antilink2": false,
      "welcome": false
    },
    "120363309593185311@newsletter": {
      "antilink": false,
      "antilink2": false,
      "welcome": false
    },
    "6285624470798@s.whatsapp.net": {
      "antilink": false,
      "antilink2": false,
      "welcome": false
    },
    "6283110011351-1632895448@g.us": {
      "antilink": false,
      "antilink2": false,
      "welcome": false
    },
    "120363318440901887@g.us": {
      "antilink": false,
      "antilink2": false,
      "welcome": false
    },
    "120363261028381504@g.us": {
      "antilink": false,
      "antilink2": false,
      "welcome": false
    },
    "628388412278@s.whatsapp.net": {
      "antilink": false,
      "antilink2": false,
      "welcome": false
    },
    "1731206765@broadcast": {
      "antilink": false,
      "antilink2": false,
      "welcome": false
    },
    "6287834980207@s.whatsapp.net": {
      "antilink": false,
      "antilink2": false,
      "welcome": false
    },
    "120363324407259541@newsletter": {
      "antilink": false,
      "antilink2": false,
      "welcome": false
    },
    "6281256721167@s.whatsapp.net": {
      "antilink": false,
      "antilink2": false,
      "welcome": false
    }
  },
  "others": {}
}